ecm_mev,cross_section_mb,observable
  3.7141639999999998E+00,  1.8269668539037912E+02,cross_section
  3.7141639999999998E+00,  1.8269668539037912E+02,cross_section
  5.5359809999999996E+00,  1.5121803269479008E+02,cross_section
  5.5359809999999996E+00,  1.5121803269479008E+02,cross_section
  7.7115619999999998E+00,  1.2547922147146821E+02,cross_section
  7.7115619999999998E+00,  1.2547922147146821E+02,cross_section
  1.0420329000000001E+01,  1.0323834858864143E+02,cross_section
  1.0235319000000000E+01,  1.0452017601632376E+02,cross_section
  1.0235319000000000E+01,  1.0452017601632376E+02,cross_section
  1.3100887000000000E+01,  8.7417742980090907E+01,cross_section
  1.3100887000000000E+01,  8.7417742980090907E+01,cross_section
  1.5317289000000001E+01,  7.7279253258293167E+01,cross_section
  1.7441020999999999E+01,  6.9313040056271376E+01,cross_section
  1.8024470999999998E+01,  6.7363506073285663E+01,cross_section
  2.4345897999999998E+01,  5.0926492054887305E+01,cross_section
  2.1107142000000000E+01,  5.8416328421389842E+01,cross_section
  2.7981421999999998E+01,  4.4191868199737733E+01,cross_section
  3.9514892000000003E+01,  2.9958255335480914E+01,cross_section
  3.9531658999999998E+01,  2.9942923384468404E+01,cross_section
  5.7752088999999998E+01,  1.8308764159209495E+01,cross_section
  7.8680380000000000E+01,  1.1679831810150613E+01,cross_section
  7.8680380000000000E+01,  1.1679831810150613E+01,cross_section
  1.0192418000000001E+02,  7.8560492023595581E+00,cross_section
  1.0192418000000001E+02,  7.8560492023595581E+00,cross_section
  1.2712683500000000E+02,  5.6258270024984016E+00,cross_section
  1.2712683500000000E+02,  5.6258270024984016E+00,cross_section
  1.2712683500000000E+02,  5.6258270024984016E+00,cross_section
  1.5396151599999999E+02,  4.3220426491713351E+00,cross_section
  1.5396151599999999E+02,  4.3220426491713351E+00,cross_section
  1.5400284300000001E+02,  4.3205932871164254E+00,cross_section
  1.8213664600000001E+02,  3.5564499995084846E+00,cross_section
  1.9664580400000000E+02,  3.3046685905146207E+00,cross_section
  2.1139729299999999E+02,  3.1010781052985865E+00,cross_section
  2.1139729299999999E+02,  3.1010781052985865E+00,cross_section
  0.0000000000000000E+00, -2.6295043300842349E+00,scattering_length_singlet
  0.0000000000000000E+00, -1.1154338770218644E+00,scattering_length_triplet
  0.0000000000000000E+00,  1.6777931116649688E+02,chi2
